Country;Moody's rating;Adj. Default Spread;Equity Risk Premium;Country Risk Premium;Corporate Tax Rate
Abu Dhabi;Aa2;0,60%;6,10%;0,85%;15,00%
Albania;B1;5,51%;13,02%;7,77%;15,00%
Algeria;NR;3,68%;10,44%;5,19%;26,00%
Andorra (Principality of);Baa2;2,33%;8,54%;3,29%;18,98%
Angola;B3;7,95%;16,47%;11,22%;25,00%
Argentina;Ca;14,68%;25,96%;20,71%;35,00%
Armenia;Ba3;4,40%;11,46%;6,21%;18,00%
Aruba;Baa2;2,33%;8,54%;3,29%;25,00%
Australia;Aaa;0,00%;5,25%;0,00%;30,00%
Austria;Aa1;0,49%;5,94%;0,69%;24,00%
Azerbaijan;Ba1;3,06%;9,57%;4,32%;20,00%
Bahamas;B1;5,51%;13,02%;7,77%;0,00%
Bahrain;B2;6,73%;14,74%;9,49%;0,00%
Bangladesh;Ba3;4,40%;11,46%;6,21%;32,50%
Barbados;Caa1;9,17%;18,19%;12,94%;5,50%
Belarus;Ca;14,68%;25,96%;20,71%;18,00%
Belgium;Aa3;0,73%;6,28%;1,03%;25,00%
Belize;Caa2;11,02%;20,79%;15,54%;27,18%
Benin;B1;5,51%;13,02%;7,77%;30,00%
Bermuda;A2;1,04%;6,71%;1,46%;0,00%
Bolivia;B2;6,73%;14,74%;9,49%;25,00%
Bosnia and Herzegovina;B3;7,95%;16,47%;11,22%;10,00%
Botswana;A3;1,47%;7,32%;2,07%;22,00%
Brazil;Ba2;3,68%;10,44%;5,19%;34,00%
Brunei;NR;1,04%;6,71%;1,46%;18,50%
Bulgaria;Baa1;1,96%;8,01%;2,76%;10,00%
Burkina Faso;Caa1;9,17%;18,19%;12,94%;28,00%
Cambodia;B2;6,73%;14,74%;9,49%;20,00%
Cameroon;B2;6,73%;14,74%;9,49%;33,00%
Canada;Aaa;0,00%;5,25%;0,00%;25,00%
Cape Verde;B3;7,95%;16,47%;11,22%;0,00%
Cayman Islands;Aa3;0,73%;6,28%;1,03%;0,00%
Chile;A2;1,04%;6,71%;1,46%;27,00%
China;A1;0,86%;6,47%;1,22%;25,00%
Colombia;Baa2;2,33%;8,54%;3,29%;35,00%
Congo (Democratic Republic of);B3;7,95%;16,47%;11,22%;30,00%
Congo (Republic of);Caa2;11,02%;20,79%;15,54%;28,00%
Cook Islands;B1;5,51%;13,02%;7,77%;28,43%
Costa Rica;B2;6,73%;14,74%;9,49%;30,00%
Côte d'Ivoire;Ba3;4,40%;11,46%;6,21%;25,00%
Croatia;Baa2;2,33%;8,54%;3,29%;18,00%
Cuba;Ca;14,68%;25,96%;20,71%;27,18%
Curacao;Baa2;2,33%;8,54%;3,29%;22,00%
Cyprus;Ba1;3,06%;9,57%;4,32%;12,50%
Czech Republic;Aa3;0,73%;6,28%;1,03%;19,00%
Denmark;Aaa;0,00%;5,25%;0,00%;22,00%
Dominican Republic;Ba3;4,40%;11,46%;6,21%;27,00%
Ecuador;Caa3;12,24%;22,51%;17,26%;25,00%
Egypt;B2;6,73%;14,74%;9,49%;22,50%
El Salvador;Caa3;12,24%;22,51%;17,26%;30,00%
Estonia;A1;0,86%;6,47%;1,22%;20,00%
Ethiopia;Caa2;11,02%;20,79%;15,54%;30,00%
Fiji;B1;5,51%;13,02%;7,77%;20,00%
Finland;Aa1;0,49%;5,94%;0,69%;20,00%
France;Aa2;0,60%;6,10%;0,85%;25,00%
Gabon;Caa1;9,17%;18,19%;12,94%;30,00%
Gambia;NR;6,73%;14,74%;9,49%;31,00%
Georgia;Ba2;3,68%;10,44%;5,19%;15,00%
Germany;Aaa;0,00%;5,25%;0,00%;30,00%
Ghana;Ca;14,68%;25,96%;20,71%;25,00%
Greece;Ba3;4,40%;11,46%;6,21%;22,00%
Guatemala;Ba1;3,06%;9,57%;4,32%;25,00%
Guernsey (States of);Aaa;0,00%;5,25%;0,00%;0,00%
Guinea;NR;11,02%;20,79%;15,54%;29,15%
Guinea-Bissau;NR;7,95%;16,47%;11,22%;29,15%
Guyana;NR;1,96%;8,01%;2,76%;18,64%
Haiti;NR;14,68%;25,96%;20,71%;18,64%
Honduras;B1;5,51%;13,02%;7,77%;25,00%
Hong Kong;Aa3;0,73%;6,28%;1,03%;16,50%
Hungary;Baa2;2,33%;8,54%;3,29%;9,00%
Iceland;A2;1,04%;6,71%;1,46%;20,00%
India;Baa3;2,69%;9,04%;3,79%;30,00%
Indonesia;Baa2;2,33%;8,54%;3,29%;22,00%
Iran;NR;5,51%;13,02%;7,77%;20,23%
Iraq;Caa1;9,17%;18,19%;12,94%;15,00%
Ireland;A1;0,86%;6,47%;1,22%;12,50%
Isle of Man;Aa3;0,73%;6,28%;1,03%;0,00%
Israel;A1;0,86%;6,47%;1,22%;23,00%
Italy;Baa3;2,69%;9,04%;3,79%;24,00%
Jamaica;B2;6,73%;14,74%;9,49%;25,00%
Japan;A1;0,86%;6,47%;1,22%;23,20%
Jersey (States of);Aaa;0,00%;5,25%;0,00%;0,00%
Jordan;B1;5,51%;13,02%;7,77%;20,00%
Kazakhstan;Baa2;2,33%;8,54%;3,29%;20,00%
Kenya;B2;6,73%;14,74%;9,49%;30,00%
Korea;Aa2;0,60%;6,10%;0,85%;25,00%
Korea, D.P.R.;NR;14,68%;25,96%;20,71%;23,10%
Kuwait;A1;0,86%;6,47%;1,22%;15,00%
Kyrgyzstan;B3;7,95%;16,47%;11,22%;10,00%
Laos;Caa3;12,24%;22,51%;17,26%;22,81%
Latvia;A3;1,47%;7,32%;2,07%;20,00%
Lebanon;C;17,50%;29,94%;24,69%;17,00%
Liberia;NR;11,02%;20,79%;15,54%;29,15%
Libya;NR;3,68%;10,44%;5,19%;20,00%
Liechtenstein;Aaa;0,00%;5,25%;0,00%;12,50%
Lithuania;A2;1,04%;6,71%;1,46%;15,00%
Luxembourg;Aaa;0,00%;5,25%;0,00%;24,94%
Macao;Aa3;0,73%;6,28%;1,03%;22,81%
Macedonia;Ba3;4,40%;11,46%;6,21%;10,00%
Madagascar;NR;7,95%;16,47%;11,22%;20,00%
Malawi;NR;14,68%;25,96%;20,71%;30,00%
Malaysia;A3;1,47%;7,32%;2,07%;24,00%
Maldives;Caa1;9,17%;18,19%;12,94%;22,81%
Mali;Caa2;11,02%;20,79%;15,54%;22,81%
Malta;A2;1,04%;6,71%;1,46%;35,00%
Mauritius;Baa3;2,69%;9,04%;3,79%;15,00%
Mexico;Baa2;2,33%;8,54%;3,29%;30,00%
Moldova;B3;7,95%;16,47%;11,22%;12,00%
Mongolia;B3;7,95%;16,47%;11,22%;25,00%
Montenegro;B1;5,51%;13,02%;7,77%;15,00%
Montserrat;Baa3;2,69%;9,04%;3,79%;27,18%
Morocco;Ba1;3,06%;9,57%;4,32%;31,00%
Mozambique;Caa2;11,02%;20,79%;15,54%;32,00%
Myanmar;NR;12,24%;22,51%;17,26%;25,00%
Namibia;B1;5,51%;13,02%;7,77%;32,00%
Netherlands;Aaa;0,00%;5,25%;0,00%;25,80%
New Zealand;Aaa;0,00%;5,25%;0,00%;28,00%
Nicaragua;B3;7,95%;16,47%;11,22%;30,00%
Niger;B3;7,95%;16,47%;11,22%;22,81%
Nigeria;B3;7,95%;16,47%;11,22%;30,00%
Norway;Aaa;0,00%;5,25%;0,00%;22,00%
Oman;Ba3;4,40%;11,46%;6,21%;15,00%
Pakistan;Caa1;9,17%;18,19%;12,94%;29,00%
Panama;Baa2;2,33%;8,54%;3,29%;25,00%
Papua New Guinea;B2;6,73%;14,74%;9,49%;30,00%
Paraguay;Ba1;3,06%;9,57%;4,32%;10,00%
Peru;Baa1;1,96%;8,01%;2,76%;29,50%
Philippines;Baa2;2,33%;8,54%;3,29%;25,00%
Poland;A2;1,04%;6,71%;1,46%;19,00%
Portugal;Baa2;2,33%;8,54%;3,29%;21,00%
Qatar;Aa3;0,73%;6,28%;1,03%;10,00%
Ras Al Khaimah (Emirate of);A3;1,47%;7,32%;2,07%;0,00%
Romania;Baa3;2,69%;9,04%;3,79%;16,00%
Russia;Caa1;9,17%;18,19%;12,94%;20,00%
Rwanda;B2;6,73%;14,74%;9,49%;30,00%
Saudi Arabia;A1;0,86%;6,47%;1,22%;20,00%
Senegal;Ba3;4,40%;11,46%;6,21%;30,00%
Serbia;Ba2;3,68%;10,44%;5,19%;15,00%
Sharjah;Ba1;3,06%;9,57%;4,32%;0,00%
Sierra Leone;NR;14,68%;25,96%;20,71%;30,00%
Singapore;Aaa;0,00%;5,25%;0,00%;17,00%
Slovakia;A2;1,04%;6,71%;1,46%;21,00%
Slovenia;A3;1,47%;7,32%;2,07%;19,00%
Solomon Islands;Caa1;9,17%;18,19%;12,94%;30,00%
Somalia;NR;14,68%;25,96%;20,71%;29,15%
South Africa;Ba2;3,68%;10,44%;5,19%;27,00%
Spain;Baa1;1,96%;8,01%;2,76%;25,00%
Sri Lanka;Ca;14,68%;25,96%;20,71%;24,00%
St. Maarten;Ba2;3,68%;10,44%;5,19%;27,18%
St. Vincent & the Grenadines;B3;7,95%;16,47%;11,22%;27,18%
Sudan;NR;17,50%;29,94%;24,69%;35,00%
Suriname;Caa3;12,24%;22,51%;17,26%;36,00%
Swaziland;B3;7,95%;16,47%;11,22%;27,50%
Sweden;Aaa;0,00%;5,25%;0,00%;20,60%
Switzerland;Aaa;0,00%;5,25%;0,00%;18,00%
Syria;NR;17,50%;29,94%;24,69%;28,00%
Taiwan;Aa3;0,73%;6,28%;1,03%;20,00%
Tajikistan;B3;7,95%;16,47%;11,22%;18,00%
Tanzania;B2;6,73%;14,74%;9,49%;30,00%
Thailand;Baa1;1,96%;8,01%;2,76%;20,00%
Togo;B3;7,95%;16,47%;11,22%;22,81%
Trinidad and Tobago;Ba2;3,68%;10,44%;5,19%;30,00%
Tunisia;Caa1;9,17%;18,19%;12,94%;15,00%
Turkey;B3;7,95%;16,47%;11,22%;23,00%
Turks and Caicos Islands;Baa1;1,96%;8,01%;2,76%;0,00%
Uganda;B2;6,73%;14,74%;9,49%;30,00%
Ukraine;Caa3;12,24%;22,51%;17,26%;18,00%
United Arab Emirates;Aa2;0,60%;6,10%;0,85%;0,00%
United Kingdom;Aa3;0,73%;6,28%;1,03%;25,00%
United States;Aaa;0,00%;5,25%;0,00%;25,00%
Uruguay;Baa2;2,33%;8,54%;3,29%;25,00%
Uzbekistan;B1;5,51%;13,02%;7,77%;15,00%
Venezuela;C;17,50%;29,94%;24,69%;34,00%
Vietnam;Ba2;3,68%;10,44%;5,19%;20,00%
Yemen, Republic;NR;17,50%;29,94%;24,69%;20,00%
Zambia;Ca;14,68%;25,96%;20,71%;35,00%
Zimbabwe;NR;9,17%;18,19%;12,94%;25,00%
